{"cameraMode":{"drawMode":0,"name":"Shaded","section":"Shading Mode"},"sceneLighting":true,"audioPlay":false,"sceneViewState":{"m_AlwaysRefresh":false,"showFog":true,"showSkybox":true,"showFlares":true,"showImageEffects":true,"showParticleSystems":true,"showVisualEffectGraphs":true,"m_FxEnabled":true},"in2DMode":false,"pivot":{"x":-17.544445037841798,"y":22.03317642211914,"z":16.16436004638672},"rotation":{"x":0.23693738877773286,"y":-0.037878140807151797,"z":0.009245242923498154,"w":0.9707416892051697},"size":19.63984489440918,"orthographic":false}