{"cameraMode":{"drawMode":0,"name":"Shaded","section":"Shading Mode"},"sceneLighting":true,"audioPlay":false,"sceneViewState":{"m_AlwaysRefresh":false,"showFog":true,"showSkybox":true,"showFlares":true,"showImageEffects":true,"showParticleSystems":true,"showVisualEffectGraphs":true,"m_FxEnabled":true},"in2DMode":false,"pivot":{"x":3.1855950355529787,"y":17.36732292175293,"z":7.879877090454102},"rotation":{"x":-0.013983232900500298,"y":0.9575660228729248,"z":-0.2839878797531128,"w":-0.04714956507086754},"size":31.380468368530275,"orthographic":false}